ID,NL_norm,logic_formula
1,Users should consume fruits,"O(consume(user,fruits))"
2,Users should not consume sugary soda,"O(¬consume(user,sugary_soda))"
3,Users are permitted to consume whole grains,"P(consume(user,whole_grains))"
4,Users should consume legumes,"O(consume(user,legumes))"
5,Users should avoid fried food,"O(¬consume(user,fried_food))"
6,Users may consume nuts,"P(consume(user,nuts))"
7,Users should consume fiber rich food,"O(consume(user,fiber_rich_food))"
8,Users should not consume excessive caffeine,"O(¬consume(user,excessive_caffeine))"
9,Users are permitted to consume fresh juice,"P(consume(user,fresh_juice))"
10,Users should consume breakfast,"O(consume(user,breakfast))"
11,"If users are elderly, they should consume calcium rich food","elderly(user)→O(consume(user,calcium_rich_food))"
12,"If users are elderly, they should not consume excessive salt","elderly(user)→O(¬consume(user,excessive_salt))"
13,"If users are athletes, they should consume protein rich meals","athlete(user)→O(consume(user,protein_rich_meal))"
14,"If users are athletes, they may consume sports drinks","athlete(user)→P(consume(user,sports_drink))"
15,"If users are pregnant, they should consume iron rich food","pregnant(user)→O(consume(user,iron_rich_food))"
16,"If users are pregnant, they should not consume raw fish","pregnant(user)→O(¬consume(user,raw_fish))"
17,"If users are lactose intolerant, they should not consume dairy","lactose_intolerant(user)→O(¬consume(user,dairy))"
18,"If users are lactose intolerant, they may consume lactose free milk","lactose_intolerant(user)→P(consume(user,lactose_free_milk))"
19,"If users are children, they should consume fruits","child(user)→O(consume(user,fruits))"
20,"If users are elderly, they should consume soft food","elderly(user)→O(consume(user,soft_food))"
21,Users should consume probiotic food,"O(consume(user,probiotic_food))"
22,Users should consume fermented food,"O(consume(user,fermented_food))"
23,Users should consume home cooked meals,"O(consume(user,home_cooked_meal))"
24,Users should not consume instant noodles,"O(¬consume(user,instant_noodles))"
25,Users may consume dark chocolate,"P(consume(user,dark_chocolate))"
26,Users should consume omega three rich food,"O(consume(user,omega_three_food))"
27,Users should avoid trans fat,"O(¬consume(user,trans_fat))"
28,Users should consume low fat yogurt,"O(consume(user,low_fat_yogurt))"
29,Users may consume seafood,"P(consume(user,seafood))"
30,Users should not consume oversized portions,"O(¬consume(user,oversized_portion))"
31,Users should consume fruits and legumes,"O(consume(user,fruits)∧consume(user,legumes))"
32,Users may consume nuts or dark chocolate,"P(consume(user,nuts)∨consume(user,dark_chocolate))"
33,Users should not consume fried food and sugary soda,"O(¬consume(user,fried_food)∧¬consume(user,sugary_soda))"
34,Users may consume fresh juice or probiotic food,"P(consume(user,fresh_juice)∨consume(user,probiotic_food))"
35,Users should consume breakfast and fruits,"O(consume(user,breakfast)∧consume(user,fruits))"
36,Users may consume seafood or legumes,"P(consume(user,seafood)∨consume(user,legumes))"
37,Users should avoid trans fat and instant noodles,"O(¬consume(user,trans_fat)∧¬consume(user,instant_noodles))"
38,Users may consume fermented food or low fat yogurt,"P(consume(user,fermented_food)∨consume(user,low_fat_yogurt))"
39,Users should consume fiber rich food and water,"O(consume(user,fiber_rich_food)∧consume(user,water))"
40,Users may consume whole grains or fruits,"P(consume(user,whole_grains)∨consume(user,fruits))"
41,Users should not consume dairy if lactose intolerant,"lactose_intolerant(user)→O(¬consume(user,dairy))"
42,Users should consume iron rich food if pregnant,"pregnant(user)→O(consume(user,iron_rich_food))"
43,Users should avoid sugary soda if diabetic,"diabetic(user)→O(¬consume(user,sugary_soda))"
44,Users may consume seafood if adult,"adult(user)→P(consume(user,seafood))"
45,Users should consume breakfast if child,"child(user)→O(consume(user,breakfast))"
46,Users should consume calcium rich food if elderly,"elderly(user)→O(consume(user,calcium_rich_food))"
47,Users may consume dairy if not lactose intolerant,"¬lactose_intolerant(user)→P(consume(user,dairy))"
48,Users should avoid fried food if child,"child(user)→O(¬consume(user,fried_food))"
49,Users may consume protein shakes if athlete,"athlete(user)→P(consume(user,protein_shake))"
50,Users should consume fruits if pregnant,"pregnant(user)→O(consume(user,fruits))"
51,Users should not consume sugary soda and fried food,"O(¬consume(user,sugary_soda)∧¬consume(user,fried_food))"
52,Users may consume nuts or seafood,"P(consume(user,nuts)∨consume(user,seafood))"
53,Users should consume whole grains and legumes,"O(consume(user,whole_grains)∧consume(user,legumes))"
54,Users may consume fermented food or fresh juice,"P(consume(user,fermented_food)∨consume(user,fresh_juice))"
55,Users should avoid trans fat and excessive salt,"O(¬consume(user,trans_fat)∧¬consume(user,excessive_salt))"
56,Users may consume breakfast or fruits,"P(consume(user,breakfast)∨consume(user,fruits))"
57,Users should consume probiotic food and fiber rich food,"O(consume(user,probiotic_food)∧consume(user,fiber_rich_food))"
58,Users may consume home cooked meals or whole grains,"P(consume(user,home_cooked_meal)∨consume(user,whole_grains))"
59,Users should avoid sugary soda and oversized portions,"O(¬consume(user,sugary_soda)∧¬consume(user,oversized_portion))"
60,Users may consume low fat yogurt or nuts,"P(consume(user,low_fat_yogurt)∨consume(user,nuts))"
61,Users should consume vitamin rich food,"O(consume(user,vitamin_rich_food))"
62,Users are permitted to consume herbal tea,"P(consume(user,herbal_tea))"
63,Users should consume seeds,"O(consume(user,seeds))"
64,Users should avoid artificial sweeteners,"O(¬consume(user,artificial_sweetener))"
65,Users may consume soup,"P(consume(user,soup))"
66,Users should consume lean protein,"O(consume(user,lean_protein))"
67,Users should not consume spoiled food,"O(¬consume(user,spoiled_food))"
68,Users may consume boiled eggs,"P(consume(user,boiled_egg))"
69,Users should consume mineral rich food,"O(consume(user,mineral_rich_food))"
70,Users should avoid skipping meals,O(¬skip_meal(user))
71,"If users are sick, they should consume soup","sick(user)→O(consume(user,soup))"
72,"If users are sick, they should consume water","sick(user)→O(consume(user,water))"
73,"If users are athletes, they should consume lean protein","athlete(user)→O(consume(user,lean_protein))"
74,"If users are elderly, they may consume soup","elderly(user)→P(consume(user,soup))"
75,"If users are pregnant, they should consume folate rich food","pregnant(user)→O(consume(user,folate_rich_food))"
76,"If users are pregnant, they should not consume alcohol","pregnant(user)→O(¬consume(user,alcohol))"
77,"If users are sick, they may consume herbal tea","sick(user)→P(consume(user,herbal_tea))"
78,"If users are children, they may consume fresh juice","child(user)→P(consume(user,fresh_juice))"
79,"If users are athletes, they should not skip meals",athlete(user)→O(¬skip_meal(user))
80,"If users are elderly, they should consume mineral rich food","elderly(user)→O(consume(user,mineral_rich_food))"
81,Users should consume soup and herbal tea,"O(consume(user,soup)∧consume(user,herbal_tea))"
82,Users may consume seeds or nuts,"P(consume(user,seeds)∨consume(user,nuts))"
83,Users should not consume spoiled food and alcohol,"O(¬consume(user,spoiled_food)∧¬consume(user,alcohol))"
84,Users may consume boiled eggs or soup,"P(consume(user,boiled_egg)∨consume(user,soup))"
85,Users should consume lean protein and vegetables,"O(consume(user,lean_protein)∧consume(user,vegetables))"
86,Users may consume herbal tea or fresh juice,"P(consume(user,herbal_tea)∨consume(user,fresh_juice))"
87,Users should avoid artificial sweeteners and sugary soda,"O(¬consume(user,artificial_sweetener)∧¬consume(user,sugary_soda))"
88,Users may consume vitamin rich food or mineral rich food,"P(consume(user,vitamin_rich_food)∨consume(user,mineral_rich_food))"
89,Users should consume seeds and whole grains,"O(consume(user,seeds)∧consume(user,whole_grains))"
90,Users may consume lean protein or seafood,"P(consume(user,lean_protein)∨consume(user,seafood))"
91,Users should not avoid fruits,"O(¬¬consume(user,fruits))"
92,Users may not consume fried food,"P(¬consume(user,fried_food))"
93,Users should not avoid breakfast,"O(¬¬consume(user,breakfast))"
94,Users are forbidden to consume alcohol,"F(consume(user,alcohol))"
95,Users are forbidden to consume spoiled food,"F(consume(user,spoiled_food))"
96,Users are permitted to consume soup,"P(consume(user,soup))"
97,Users are forbidden to consume trans fat,"F(consume(user,trans_fat))"
98,Users are permitted to consume seeds,"P(consume(user,seeds))"
99,Users are forbidden to skip meals,F(skip_meal(user))
100,Users are permitted to consume lean protein,"P(consume(user,lean_protein))"
